{
      "type": "record",
      "name": "arrival.value",
      "namespace": "com.udacity",
      "fields": [
          {"name": "station_id", "type": "int"},
          {"name": "train_id", "type": "string"},
          {"name": "direction", "type": "string"},
          {"name": "line", "type": "string"},
          {"name": "train_status", "type": "string"},
          {"name" : "prev_station_id", "type" : ["null", "int"], "default" : null},
          {"name" : "prev_direction", "type" : ["null", "string"], "default" : null}
      ]
}
